{"cameraMode":{"drawMode":0,"name":"Shaded","section":"Shading Mode"},"sceneLighting":false,"audioPlay":false,"sceneViewState":{"showFog":true,"showMaterialUpdate":false,"showSkybox":true,"showFlares":true,"showImageEffects":true,"showParticleSystems":true},"in2DMode":false,"pivot":{"x":0.24046063423156739,"y":0.0615922212600708,"z":0.17177444696426392},"rotation":{"x":-0.08664729446172714,"y":-0.646068811416626,"z":0.07417600601911545,"w":-0.7547087669372559},"size":2.0457231998443605,"orthographic":false}